net_cost,self_sufficiency_pct,soh_drop_pct,degradation_cost,comfort_violation_kwh,battery_switching_events,control_effort_kw,peak_hour_grid_import_kwh,soc_bound_violations,avg_solve_time_ms,avg_forecast_confidence,scenario,controller,seed
757.5526468123198,9.830409640953807,4.391682052319068,178.24660399485475,0.0,26,34.695926511776904,616.200454118857,10,54.93558281242864,0.25965864021435314,Heatwave AC Surge,DT-AAMPC (Proposed),0
765.5789652893668,9.736163397055076,4.5953470429662024,186.52090186301456,0.0,26,32.21557418195868,612.5235231550876,6,62.11303628449767,0.25965864021435314,Heatwave AC Surge,DT-AAMPC (Proposed),1
779.2856598386966,9.704501250034737,4.919678835280195,199.30660866817215,0.0,20,37.85529795779907,617.534878836334,16,55.51047013851632,0.25965864021435314,Heatwave AC Surge,DT-AAMPC (Proposed),2
737.8944681434097,9.742956068274255,3.908400515567423,158.41847525871967,0.0,23,36.30335564282234,616.0397300528421,7,49.28407899324662,0.25965864021435314,Heatwave AC Surge,DT-AAMPC (Proposed),3
753.071739180954,9.774165371324695,4.270080546026023,173.60733418888157,0.0,25,30.165468285584417,615.5072984321494,10,53.324174826810925,0.25965864021435314,Heatwave AC Surge,DT-AAMPC (Proposed),4
659.2479084172778,9.544123662040981,1.7887786391607152,78.95468602930731,0.0,5,41.41686344625419,615.8127403458864,545,0.030449826176158643,0.25965864021435314,Heatwave AC Surge,PID Droop,0
659.1800375406826,9.544967893600532,1.7871249120935073,78.88882858365216,0.0,5,41.44338319927422,615.8127403458864,545,0.03141406245453659,0.25965864021435314,Heatwave AC Surge,PID Droop,1
659.2300919972259,9.544388747449418,1.7883646091565453,78.93751209851754,0.0,5,41.46866778337021,615.8127403458864,545,0.028410590099762583,0.25965864021435314,Heatwave AC Surge,PID Droop,2
659.2219145967292,9.54439572389133,1.7877526524556542,78.92933566660184,0.0,5,41.57476975980099,615.8127403458864,545,0.029811632025990145,0.25965864021435314,Heatwave AC Surge,PID Droop,3
659.2161123318407,9.544413641395943,1.7881558534115216,78.92356430537112,0.0,5,41.86190346014649,615.8127403458864,545,0.030071007030427508,0.25965864021435314,Heatwave AC Surge,PID Droop,4
1440.099659017834,9.977220684870181,21.361074234555044,871.1243393518217,0.0,89,1153.517424997206,568.9545771568582,50,37.28855937490354,0.25965864021435314,Heatwave AC Surge,Classical MPC (Naive Forecast),0
1452.9187503728797,10.017461198854082,21.69820494457736,885.4469747074179,0.0,93,1213.6248104088277,562.5980015891071,32,31.31547482629079,0.25965864021435314,Heatwave AC Surge,Classical MPC (Naive Forecast),1
1472.802602142854,10.008238130281267,22.188127720938432,904.6919281460991,0.0,104,1281.1414045414845,565.0520428541721,35,29.730212499948212,0.25965864021435314,Heatwave AC Surge,Classical MPC (Naive Forecast),2
1433.6399496606975,10.025081785102385,21.209710690287732,865.8481164175828,0.0,95,1265.7254306020386,564.1352384936924,36,30.57077308999902,0.25965864021435314,Heatwave AC Surge,Classical MPC (Naive Forecast),3
1467.5631255795229,9.994183355514508,22.039568902252306,899.4733317576472,0.0,99,1245.2097510286699,564.854618572682,48,29.333185764219,0.25965864021435314,Heatwave AC Surge,Classical MPC (Naive Forecast),4
208.27720351971024,69.84523694114114,4.498176294451383,182.98467116233314,0.0,15,23.47876077592401,24.47902509484128,0,32.135102604065146,0.013955654976762516,Winter Storm Load Peak,DT-AAMPC (Proposed),0
229.50718731757,69.98588025003829,5.033768627254942,204.4883865272668,0.0,11,20.586817285545635,24.305683492432536,0,34.285254513532784,0.013955654976762516,Winter Storm Load Peak,DT-AAMPC (Proposed),1
189.1429179986985,69.95704201291342,4.030482087546217,163.9204573422632,0.0,15,22.740568794322456,24.52961679854728,0,30.965053819095882,0.013955654976762516,Winter Storm Load Peak,DT-AAMPC (Proposed),2
202.33651033623363,70.02201407782816,4.358092618634957,177.33155056754947,0.0,15,22.22407838951505,24.420156102861,0,32.70594531290448,0.013955654976762516,Winter Storm Load Peak,DT-AAMPC (Proposed),3
151.44269636835128,70.15633596211886,3.1121562057888963,127.11293716388843,0.0,15,16.25978762309699,20.96647016104615,0,29.90993159682552,0.013955654976762516,Winter Storm Load Peak,DT-AAMPC (Proposed),4
450.74318925145366,61.89935059345662,10.345413166934925,420.38296390542484,0.0,71,259.5972036347108,36.17027392057709,220,0.029682117883567116,0.013955654976762516,Winter Storm Load Peak,PID Droop,0
450.6547925964232,61.905262834547514,10.343633244417983,420.30325708570723,0.0,67,259.8491243524362,36.14347883623111,220,0.024682812434346283,0.013955654976762516,Winter Storm Load Peak,PID Droop,1
450.3768667448289,61.911408243710966,10.336296698501467,420.0257461420441,0.0,71,260.4694639579428,36.147487697828474,221,0.023870312664560817,0.013955654976762516,Winter Storm Load Peak,PID Droop,2
450.6966136075014,61.90411569693781,10.344158523797942,420.3420820815226,0.0,69,259.18885580834194,36.14479147973958,223,0.02182395817524391,0.013955654976762516,Winter Storm Load Peak,PID Droop,3
450.577480561735,61.916234429783444,10.342359832512782,420.2292422771669,0.0,69,259.5039405422118,36.14042964223948,220,0.009610243346792736,0.013955654976762516,Winter Storm Load Peak,PID Droop,4
398.66368957377705,68.10284829722755,9.182950971853455,373.63844311074206,0.0,103,257.46245907821384,23.500261180871004,18,18.57682065964481,0.013955654976762516,Winter Storm Load Peak,Classical MPC (Naive Forecast),0
401.8710886002882,67.89397748890187,9.2550768335394,376.7353279249975,0.0,99,260.0943161666209,23.600410131556487,29,18.208622395731155,0.013955654976762516,Winter Storm Load Peak,Classical MPC (Naive Forecast),1
383.4606769087006,68.11717860683217,8.809640376085227,358.40387713960837,0.0,93,225.49909467336735,23.628984978470765,17,17.996194097248818,0.013955654976762516,Winter Storm Load Peak,Classical MPC (Naive Forecast),2
401.56981414298747,67.93048104077381,9.248901350042782,376.5866951747319,0.0,89,277.90933383748234,22.972849678892185,23,19.001097569369247,0.013955654976762516,Winter Storm Load Peak,Classical MPC (Naive Forecast),3
401.67098482825327,68.17854630212597,9.258551289779493,376.76059886862174,0.0,81,248.21296274962282,23.134787711713464,19,21.94958941004188,0.013955654976762516,Winter Storm Load Peak,Classical MPC (Naive Forecast),4
122.00330107990828,47.335631052348546,1.9186879748746777,77.81595914465018,0.0,40,35.47948274482459,34.6150108834029,0,32.17350659724616,0.013973637771155937,Cloud-Cover Cascade,DT-AAMPC (Proposed),0
125.71783884347948,47.039050605495156,1.9967835732544237,80.97710940850104,0.0,31,39.09501797386475,34.83717390920554,0,31.677846527802306,0.013973637771155937,Cloud-Cover Cascade,DT-AAMPC (Proposed),1
118.9294121528096,47.37033092641162,1.8537193188400636,75.12990569483249,0.0,40,33.03859544786886,32.662035097511605,0,33.75845833347234,0.013973637771155937,Cloud-Cover Cascade,DT-AAMPC (Proposed),2
126.9672265526809,47.384064729591856,2.0472935228317612,83.01146468405571,0.0,34,39.22492797717734,33.932977201198085,0,36.82151961788804,0.013973637771155937,Cloud-Cover Cascade,DT-AAMPC (Proposed),3
119.27713967148793,47.49493855513043,1.8624748939658042,75.5249393451849,0.0,36,33.02773325493347,33.592399253754515,0,33.743451736225126,0.013973637771155937,Cloud-Cover Cascade,DT-AAMPC (Proposed),4
154.39853451701703,43.032063247577256,2.651801119922914,107.60328519153325,0.0,67,188.43194617189914,39.92385022890629,378,0.025085416938155605,0.013973637771155937,Cloud-Cover Cascade,PID Droop,0
154.21243973025446,43.03903431604106,2.6476050464100953,107.43115407515872,0.0,67,188.51159418945872,39.86865571106114,378,0.02891250008158547,0.013973637771155937,Cloud-Cover Cascade,PID Droop,1
154.24759286170297,43.04575084110347,2.6483384685618283,107.46074839759973,0.0,67,187.8616760581774,39.904346923407,378,0.028531423645795764,0.013973637771155937,Cloud-Cover Cascade,PID Droop,2
154.1378559726818,43.04279210107247,2.6457910831276688,107.350351209779,0.0,67,188.13115875168108,39.896453442719036,378,0.02881996503371435,0.013973637771155937,Cloud-Cover Cascade,PID Droop,3
154.04294066084944,43.05693453681364,2.643374895557715,107.26239947516441,0.0,67,187.77002804121332,39.88966343196373,378,0.02982308958760566,0.013973637771155937,Cloud-Cover Cascade,PID Droop,4
249.04080084880087,41.896142433221186,4.987377818956784,203.41382846926354,0.0,66,292.8715336011044,33.79919625824787,83,28.744441840217405,0.013973637771155937,Cloud-Cover Cascade,Classical MPC (Naive Forecast),0
245.80784267697254,41.81373639355106,4.902842980378153,200.03416947787952,0.0,70,293.22892243759685,34.308374728799954,85,25.817421006649965,0.013973637771155937,Cloud-Cover Cascade,Classical MPC (Naive Forecast),1
251.3905183984382,41.843142841821546,5.038859246830329,205.60252844922243,0.0,66,306.68121427221354,34.49030129558368,78,26.072575694444012,0.013973637771155937,Cloud-Cover Cascade,Classical MPC (Naive Forecast),2
254.91225429784095,41.58333185296539,5.121317587156582,209.04379076620245,0.0,70,345.3945382068156,34.450072498807316,82,26.27504079881267,0.013973637771155937,Cloud-Cover Cascade,Classical MPC (Naive Forecast),3
259.60808426230824,41.46125680016481,5.2320317221833506,213.59035634957172,0.0,58,348.15057687138057,34.994022750216885,74,24.647022916370688,0.013973637771155937,Cloud-Cover Cascade,Classical MPC (Naive Forecast),4
139.6098233116299,44.76224837473393,1.910964587130759,77.48691006993175,0.0,14,19.371973486867525,19.264158571931194,0,23.808549826677943,0.09438060308249617,EV Fleet Overnight Charging,DT-AAMPC (Proposed),0
134.84765534534955,45.12278664603502,1.7908477253216426,72.6584843563349,0.0,14,16.2154006178521,20.588713861644223,0,23.797821180728025,0.09438060308249617,EV Fleet Overnight Charging,DT-AAMPC (Proposed),1
125.09852332489274,45.21952356189571,1.5535069986049366,63.057041400471036,0.0,18,19.03134795266097,20.09839923687639,0,23.21693420129931,0.09438060308249617,EV Fleet Overnight Charging,DT-AAMPC (Proposed),2
107.66469943261876,45.64471507069269,1.134063901945781,46.011148485626876,0.0,16,13.82272788504402,19.32016782425697,0,18.834530034660528,0.09438060308249617,EV Fleet Overnight Charging,DT-AAMPC (Proposed),3
140.37203031329693,44.93837886810336,1.9264253609971749,78.15751433900807,0.0,14,18.01907411014063,20.20048054306148,0,24.164912153032166,0.09438060308249617,EV Fleet Overnight Charging,DT-AAMPC (Proposed),4
274.2961116409491,37.12583808131505,4.943442015356315,202.7795503055854,0.0,41,291.31025414173223,43.4614995928191,358,0.01613663195914544,0.09438060308249617,EV Fleet Overnight Charging,PID Droop,0
274.3339479453633,37.12652987034721,4.944468121824963,202.82212831492046,0.0,43,291.8514339687402,43.44040159606634,358,0.019996527928217097,0.09438060308249617,EV Fleet Overnight Charging,PID Droop,1
274.30630110817367,37.131506908752044,4.943810227987033,202.7973338482416,0.0,41,291.8478341538578,43.44122925519437,358,0.0222427085090102,0.09438060308249617,EV Fleet Overnight Charging,PID Droop,2
274.37358799620984,37.12679337916664,4.945071685567559,202.85644828274454,0.0,41,291.7317491932291,43.46817959790762,358,0.021831076335527336,0.09438060308249617,EV Fleet Overnight Charging,PID Droop,3
274.25256482289205,37.135515629155655,4.942606454651766,202.74399687949494,0.0,41,291.51660299999816,43.450799784204435,358,0.015600521085919656,0.09438060308249617,EV Fleet Overnight Charging,PID Droop,4
207.4710816160929,43.799790301089004,3.56055883715638,145.30291020809983,0.0,87,279.6542481764566,17.432865200229376,26,18.989934548345545,0.09438060308249617,EV Fleet Overnight Charging,Classical MPC (Naive Forecast),0
206.4827238904438,44.09422571852794,3.54634263161806,144.62835599249928,0.0,93,289.6710025463068,16.94170707577625,15,17.364944617965094,0.09438060308249617,EV Fleet Overnight Charging,Classical MPC (Naive Forecast),1
211.0539853368693,43.817981106615754,3.6506749166209773,149.05262045155672,0.0,87,300.7115229623034,16.70059405249656,23,18.151674305929394,0.09438060308249617,EV Fleet Overnight Charging,Classical MPC (Naive Forecast),2
210.83333106858979,43.83730863602572,3.645372004041103,148.8511214449569,0.0,95,311.8510446894362,16.78837431092434,19,17.6487159723264,0.09438060308249617,EV Fleet Overnight Charging,Classical MPC (Naive Forecast),3
217.953649586463,43.85020615696795,3.817463270759469,155.90145947217508,0.0,85,327.82238804634915,17.20677651460806,14,20.31772777776395,0.09438060308249617,EV Fleet Overnight Charging,Classical MPC (Naive Forecast),4
145.1020066427489,58.873583305188205,2.920925192545576,118.64253248849809,10.819289240546963,18,37.909666811734326,8.436370727124288,30,25.673014756977054,0.011872822650425316,Islanded Microgrid Fault Ride-Through,DT-AAMPC (Proposed),0
151.00325882842148,58.8743845034148,3.0651787515751594,124.5367553981854,10.5274487075502,11,32.86990699621283,8.481482755875042,29,21.102077777868544,0.011872822650425316,Islanded Microgrid Fault Ride-Through,DT-AAMPC (Proposed),1
154.29835568621223,59.271065798571854,3.1637607864013706,128.40367004131141,16.743884525714446,14,37.37032030259494,8.453978317103843,25,24.561803472326776,0.011872822650425316,Islanded Microgrid Fault Ride-Through,DT-AAMPC (Proposed),2
168.44439927683482,59.12041199288005,3.5124666180328057,142.524182609554,16.57930322385008,17,42.434273553871904,8.598615703735739,25,25.671619618277774,0.011872822650425316,Islanded Microgrid Fault Ride-Through,DT-AAMPC (Proposed),3
171.80870704758576,58.26798438348193,3.5796090180151507,145.26536409723187,11.894376054608768,18,40.68160146919308,8.303744149322698,28,24.342025173508674,0.011872822650425316,Islanded Microgrid Fault Ride-Through,DT-AAMPC (Proposed),4
305.0967120345224,48.55327124044898,6.721140478871634,273.8939067435492,11.073192252545129,59,276.9667241373094,12.83821133158249,270,0.021607291652496013,0.011872822650425316,Islanded Microgrid Fault Ride-Through,PID Droop,0
305.1548792280907,48.549612400736244,6.7224812454636185,273.9487600608348,11.053187971738424,57,277.2288163631602,12.841066760296442,268,0.02668993018536033,0.011872822650425316,Islanded Microgrid Fault Ride-Through,PID Droop,1
305.4842403398167,48.531253226239954,6.730408719266922,274.27213804942653,11.080775410621102,57,277.65533780540886,12.848366876184402,269,0.02095677112063438,0.011872822650425316,Islanded Microgrid Fault Ride-Through,PID Droop,2
304.9642604310668,48.5560801350934,6.717720308156727,273.7665377429868,11.062042647619794,57,276.892317136432,12.813187945328657,268,0.023866319553336426,0.011872822650425316,Islanded Microgrid Fault Ride-Through,PID Droop,3
305.29884068714966,48.55753587895926,6.726399810269557,274.1011839304317,11.068393955138323,59,276.5298066006462,12.820579264502882,270,0.02662708321723686,0.011872822650425316,Islanded Microgrid Fault Ride-Through,PID Droop,4
228.81850305986015,55.85046531686431,4.980142684585164,202.67319869390298,16.317976123343414,76,295.01214847911456,5.6577079020400145,35,21.549388889297916,0.011872822650425316,Islanded Microgrid Fault Ride-Through,Classical MPC (Naive Forecast),0
224.45950415796685,55.98055594227602,4.8734539232779035,198.34719833052475,15.94398405674129,80,292.02144174216926,5.428274780953795,49,21.657538888954758,0.011872822650425316,Islanded Microgrid Fault Ride-Through,Classical MPC (Naive Forecast),1
230.28783200881605,56.041698370749835,5.0142203551786775,204.04871082425436,15.86062482527836,78,300.1895251250352,6.000941432343512,49,21.506434722874072,0.011872822650425316,Islanded Microgrid Fault Ride-Through,Classical MPC (Naive Forecast),2
219.56224924644397,56.513879288244254,4.760892199217737,193.72947398689854,16.233083627539045,82,265.5518044074063,5.241189508528809,54,25.168417534662996,0.011872822650425316,Islanded Microgrid Fault Ride-Through,Classical MPC (Naive Forecast),3
232.701787919811,55.85672782501281,5.076816297633369,206.60620139234277,16.581900640430252,80,312.6879430998408,5.388774722890819,39,31.907300000031885,0.011872822650425316,Islanded Microgrid Fault Ride-Through,Classical MPC (Naive Forecast),4
152.3622266353248,48.987677209795244,2.957050010177864,120.20085796922012,0.0,24,27.028862864731444,24.532810609997625,0,43.773907812692414,0.01934398623254502,Solar Oversupply Curtailment,DT-AAMPC (Proposed),0
136.06133960995498,48.60430113469418,2.559629493727089,103.99382720504673,0.0,20,21.49279612779126,23.126628169062265,0,47.20665451453795,0.01934398623254502,Solar Oversupply Curtailment,DT-AAMPC (Proposed),1
184.20877667741075,48.06469330435124,3.728734192375338,151.49234329007038,0.0,21,29.35032991253485,25.87801795726511,0,40.92143871520825,0.01934398623254502,Solar Oversupply Curtailment,DT-AAMPC (Proposed),2
116.84343613501709,49.05710886694048,2.0996356124683424,85.28637311005124,0.0,20,18.635226630318353,21.311616339022986,0,46.498564583139846,0.01934398623254502,Solar Oversupply Curtailment,DT-AAMPC (Proposed),3
138.07888134748353,48.812359356083526,2.610045770062719,106.26871387677963,0.0,23,23.19830606506354,22.484247693719524,0,46.3009326387641,0.01934398623254502,Solar Oversupply Curtailment,DT-AAMPC (Proposed),4
318.1586669978725,37.09348646628812,6.876404520903567,279.1070177552003,0.0,37,240.60350661472194,37.13052224190075,356,0.01912031229443932,0.01934398623254502,Solar Oversupply Curtailment,PID Droop,0
318.2037197642473,37.099295353409524,6.877684486261304,279.15832189684056,0.0,37,241.19509083651792,37.11076597516677,355,0.01603368036739994,0.01934398623254502,Solar Oversupply Curtailment,PID Droop,1
318.19363373713526,37.09672961634974,6.877335178567101,279.14574055067203,0.0,37,240.7553053052966,37.11812577753675,354,0.023343229461008582,0.01934398623254502,Solar Oversupply Curtailment,PID Droop,2
318.17984105000204,37.09330848156186,6.876756746182455,279.1295067876812,0.0,37,242.26146338107907,37.12379968242216,354,0.01857482589508032,0.01934398623254502,Solar Oversupply Curtailment,PID Droop,3
318.2498014043554,37.0933178946433,6.878901464426457,279.20015879378536,0.0,37,240.65592041463623,37.120662442917194,356,0.02016822920975553,0.01934398623254502,Solar Oversupply Curtailment,PID Droop,4
273.80227160878036,44.61235983253249,5.910291978680626,240.4448220982652,0.0,84,316.85373826163277,22.62685439115075,49,28.023342534475486,0.01934398623254502,Solar Oversupply Curtailment,Classical MPC (Naive Forecast),0
279.3811815178734,44.63638020718387,6.047209443433966,246.1066323910594,0.0,86,331.43266842825426,22.31353450822322,28,30.716147396030163,0.01934398623254502,Solar Oversupply Curtailment,Classical MPC (Naive Forecast),1
282.6905515460405,44.4638067248703,6.127776660586659,249.4794186236015,0.0,73,308.3187421192472,22.797046283061,31,30.981305729230574,0.01934398623254502,Solar Oversupply Curtailment,Classical MPC (Naive Forecast),2
283.62398399959454,44.44005907116638,6.1492697401765,250.35246546853264,0.0,83,349.8699328070693,21.794894055728722,19,28.57901076410801,0.01934398623254502,Solar Oversupply Curtailment,Classical MPC (Naive Forecast),3
260.31666402135613,44.571779946902055,5.5752131766150015,226.87061119181493,0.0,74,276.65193172543195,22.921432745984944,31,29.70364166685613,0.01934398623254502,Solar Oversupply Curtailment,Classical MPC (Naive Forecast),4
